ファイル名,マシン,RUNパス,JUMPパス,形式,解像度,RUNサイズ,JUMPサイズ,RUN SHA-256,JUMP SHA-256,一致分類,COMMON化可否,採用正本,最終配置先,理由
boon-body.png,ブーンピックアップ,boonrun/assets/cars/boon-body.png,boonjump/assets/cars/boon-body.png,png,760x280,88963,88963,6d8d4d8f5f7345735bccb88f4d27c209f8f09db4bd550d4746abd38a17650eed,6d8d4d8f5f7345735bccb88f4d27c209f8f09db4bd550d4746abd38a17650eed,完全一致,可,assets/machines/common/boon/body.png,COMMON + both runtime copies,SHA-256完全一致。機体IDENTITY素材。
boon-boost.png,ブーンピックアップ,boonrun/assets/cars/boon-boost.png,boonjump/assets/cars/boon-boost.png,png,138x100,3709,3709,7c513928ff6dfca0e56f268c803a288f5d7dcb1305c165490c94b6b511f30824,7c513928ff6dfca0e56f268c803a288f5d7dcb1305c165490c94b6b511f30824,完全一致,可,assets/machines/common/boon/boost.png,COMMON + both runtime copies,SHA-256完全一致。機体IDENTITY素材。
boon-shadow.png,ブーンピックアップ,boonrun/assets/cars/boon-shadow.png,boonjump/assets/cars/boon-shadow.png,png,760x280,807,807,eeea79e9cb184ee3833a1d7461a420d2510672a37045f8cc9a4bddc2b402ba00,eeea79e9cb184ee3833a1d7461a420d2510672a37045f8cc9a4bddc2b402ba00,完全一致,可,assets/machines/common/boon/shadow.png,COMMON + both runtime copies,SHA-256完全一致。機体IDENTITY素材。
boon-front-wheel.png,ブーンピックアップ,boonrun/assets/cars/boon-front-wheel.png,boonjump/assets/cars/boon-front-wheel.png,png,90x90,9242,9242,aecde9f4e62a26fb7edd2b25bfc29ae5b1d6d0571d4878a498eed4e1cf399a9e,aecde9f4e62a26fb7edd2b25bfc29ae5b1d6d0571d4878a498eed4e1cf399a9e,完全一致,可,assets/machines/common/boon/front-wheel.png,COMMON + both runtime copies,SHA-256完全一致。車輪IDENTITY素材。
boon-rear-wheel.png,ブーンピックアップ,boonrun/assets/cars/boon-rear-wheel.png,boonjump/assets/cars/boon-rear-wheel.png,png,90x90,9101,9101,9be92d99b8887b41e340436f77bf0695feca2e9483325beae42ab652449b36e2,9be92d99b8887b41e340436f77bf0695feca2e9483325beae42ab652449b36e2,完全一致,可,assets/machines/common/boon/rear-wheel.png,COMMON + both runtime copies,SHA-256完全一致。車輪IDENTITY素材。
boon-front.png,ブーンピックアップ,,boonjump/assets/cars/boon-front.png,png,760x280,,11644,,be2eab256b072524867e1d14f41836dcdd56897a58f611d1e78e0830209d5d85,JUMP現行表示用サブパーツ,可,assets/machines/common/boon/front.png,COMMON + JUMP runtime copy,ゲームプレイVFXではなく車体表示パーツ。RUNは現行未使用。
boon-rear.png,ブーンピックアップ,,boonjump/assets/cars/boon-rear.png,png,760x280,,11443,,2c3519a6021db27887978af5a89e773eacef1143d4d631391eaea7125887a749,JUMP現行表示用サブパーツ,可,assets/machines/common/boon/rear.png,COMMON + JUMP runtime copy,ゲームプレイVFXではなく車体表示パーツ。RUNは現行未使用。
boon-complete.png,ブーンピックアップ,boonrun/assets/cars/boon-complete.png,,png,760x280,103368,,2c4c09c4974024aec134538e2c425ff2034508aea9b2eafe6ad8c81dc38ebdc7,,中立マシン画像,可,assets/machines/common/boon/complete.png,COMMON + RUN runtime copy,RUNの安全なcomplete fallback。ゲーム固有演出なし。
wagon-body.png,スマートワゴン,boonrun/assets/cars/wagon-body.png,boonjump/assets/cars/wagon-body.png,png,760x280,82271,82271,8010575af3b3c4e5ff6e9b00182d750ec93456f2ee163fb5204cb8475f1259ef,8010575af3b3c4e5ff6e9b00182d750ec93456f2ee163fb5204cb8475f1259ef,完全一致,可,assets/machines/common/wagon/body.png,COMMON + both runtime copies,SHA-256完全一致。機体IDENTITY素材。
wagon-boost.png,スマートワゴン,boonrun/assets/cars/wagon-boost.png,boonjump/assets/cars/wagon-boost.png,png,105x101,3368,3368,b936f6d180822bf7626b2c15eb4c1ff4e5073c7d11d0a6434752eac8ec2bb73d,b936f6d180822bf7626b2c15eb4c1ff4e5073c7d11d0a6434752eac8ec2bb73d,完全一致,可,assets/machines/common/wagon/boost.png,COMMON + both runtime copies,SHA-256完全一致。機体IDENTITY素材。
wagon-shadow.png,スマートワゴン,boonrun/assets/cars/wagon-shadow.png,boonjump/assets/cars/wagon-shadow.png,png,760x280,804,804,2f019096a76cf339f4125943ed9f6d6fdd9a0bfea863a6258b4c05b9f419954c,2f019096a76cf339f4125943ed9f6d6fdd9a0bfea863a6258b4c05b9f419954c,完全一致,可,assets/machines/common/wagon/shadow.png,COMMON + both runtime copies,SHA-256完全一致。機体IDENTITY素材。
wagon-front-wheel.png,スマートワゴン,boonrun/assets/cars/wagon-front-wheel.png,boonjump/assets/cars/wagon-front-wheel.png,png,92x92,9659,9659,39a8c84391c1df5411c567506ad9b0e463f7ccd8e7e6e83d9f4457387be83a5a,39a8c84391c1df5411c567506ad9b0e463f7ccd8e7e6e83d9f4457387be83a5a,完全一致,可,assets/machines/common/wagon/front-wheel.png,COMMON + both runtime copies,SHA-256完全一致。車輪IDENTITY素材。
wagon-rear-wheel.png,スマートワゴン,boonrun/assets/cars/wagon-rear-wheel.png,boonjump/assets/cars/wagon-rear-wheel.png,png,92x92,10022,10022,4fb01f5c24576f8434ffa58b5549738c4fa20a115142afcef1aca47a8c1805ff,4fb01f5c24576f8434ffa58b5549738c4fa20a115142afcef1aca47a8c1805ff,完全一致,可,assets/machines/common/wagon/rear-wheel.png,COMMON + both runtime copies,SHA-256完全一致。車輪IDENTITY素材。
wagon-front.png,スマートワゴン,,boonjump/assets/cars/wagon-front.png,png,760x280,,12227,,6d87ecef8756451ffc69d8bea54ef986e13229383addcb7607bf1546a39ecf01,JUMP現行表示用サブパーツ,可,assets/machines/common/wagon/front.png,COMMON + JUMP runtime copy,ゲームプレイVFXではなく車体表示パーツ。RUNは現行未使用。
wagon-rear.png,スマートワゴン,,boonjump/assets/cars/wagon-rear.png,png,760x280,,12601,,94833455016d69b5a1a0446acb7c505a84e428843994773c318cf527ec0e7c0f,JUMP現行表示用サブパーツ,可,assets/machines/common/wagon/rear.png,COMMON + JUMP runtime copy,ゲームプレイVFXではなく車体表示パーツ。RUNは現行未使用。
wagon-complete.png,スマートワゴン,boonrun/assets/cars/wagon-complete.png,,png,760x280,95541,,0281c4fc2cad2c0f4b4f7008e356c5bdff41d18c57a6d63f65e66d4ae0750d47,,中立マシン画像,可,assets/machines/common/wagon/complete.png,COMMON + RUN runtime copy,RUNの安全なcomplete fallback。ゲーム固有演出なし。
buggy-body.png,ラッキーバギー,boonrun/assets/cars/buggy-body.png,boonjump/assets/cars/buggy-body.png,png,760x280,75923,75923,046de581b88ec53e72752f509e34d09ea6ba3a014f5ea3abe1f7aaa48ea3f4f9,046de581b88ec53e72752f509e34d09ea6ba3a014f5ea3abe1f7aaa48ea3f4f9,完全一致,可,assets/machines/common/buggy/body.png,COMMON + both runtime copies,SHA-256完全一致。機体IDENTITY素材。
buggy-boost.png,ラッキーバギー,boonrun/assets/cars/buggy-boost.png,boonjump/assets/cars/buggy-boost.png,png,129x103,4277,4277,a9284a15971864d92609f2314b87b94f49bf3aa6aee11d78551d7266e472fe12,a9284a15971864d92609f2314b87b94f49bf3aa6aee11d78551d7266e472fe12,完全一致,可,assets/machines/common/buggy/boost.png,COMMON + both runtime copies,SHA-256完全一致。機体IDENTITY素材。
buggy-shadow.png,ラッキーバギー,boonrun/assets/cars/buggy-shadow.png,boonjump/assets/cars/buggy-shadow.png,png,760x280,810,810,85f9b42cdd248200a482aebb3d89b3e9b88f4ac436e8076ee65b141d763797b0,85f9b42cdd248200a482aebb3d89b3e9b88f4ac436e8076ee65b141d763797b0,完全一致,可,assets/machines/common/buggy/shadow.png,COMMON + both runtime copies,SHA-256完全一致。機体IDENTITY素材。
buggy-front-wheel.png,ラッキーバギー,boonrun/assets/cars/buggy-front-wheel.png,boonjump/assets/cars/buggy-front-wheel.png,png,88x88,9443,9443,57735db18e629c842cba5257ea450064c8560398d3c5275fd32522d62a7167da,57735db18e629c842cba5257ea450064c8560398d3c5275fd32522d62a7167da,完全一致,可,assets/machines/common/buggy/front-wheel.png,COMMON + both runtime copies,SHA-256完全一致。車輪IDENTITY素材。
buggy-rear-wheel.png,ラッキーバギー,boonrun/assets/cars/buggy-rear-wheel.png,boonjump/assets/cars/buggy-rear-wheel.png,png,88x88,8519,8519,35edd59fc7107b23a7c6341f87012ed0ab42daaae2e8ffeb9a06d1e12d84b97e,35edd59fc7107b23a7c6341f87012ed0ab42daaae2e8ffeb9a06d1e12d84b97e,完全一致,可,assets/machines/common/buggy/rear-wheel.png,COMMON + both runtime copies,SHA-256完全一致。車輪IDENTITY素材。
buggy-front.png,ラッキーバギー,,boonjump/assets/cars/buggy-front.png,png,760x280,,11836,,d6a700ba7b27bbf19434bd26e20a7d4de9981d6c5102e6f8fcfd048600b119c7,JUMP現行表示用サブパーツ,可,assets/machines/common/buggy/front.png,COMMON + JUMP runtime copy,ゲームプレイVFXではなく車体表示パーツ。RUNは現行未使用。
buggy-rear.png,ラッキーバギー,,boonjump/assets/cars/buggy-rear.png,png,760x280,,10792,,da54dca731eb2aa43788bd59fd8101466790395601a382b5505983fda2876e5a,JUMP現行表示用サブパーツ,可,assets/machines/common/buggy/rear.png,COMMON + JUMP runtime copy,ゲームプレイVFXではなく車体表示パーツ。RUNは現行未使用。
buggy-complete.png,ラッキーバギー,boonrun/assets/cars/buggy-complete.png,,png,760x280,85123,,ef7786b276d3c9f0b44f2c561120aaedf1e1c07421980a4d22fda3efb601d048,,中立マシン画像,可,assets/machines/common/buggy/complete.png,COMMON + RUN runtime copy,RUNの安全なcomplete fallback。ゲーム固有演出なし。
bike-body.png,パワーバイク,boonrun/assets/cars/bike-body.png,boonjump/assets/cars/bike-body.png,png,760x280,109145,109145,3b0580637e4254c0158ac43afa364a554231c4045acd573b2ea22340e85bddf2,3b0580637e4254c0158ac43afa364a554231c4045acd573b2ea22340e85bddf2,完全一致,可,assets/machines/common/bike/body.png,COMMON + both runtime copies,SHA-256完全一致。機体IDENTITY素材。
bike-boost.png,パワーバイク,boonrun/assets/cars/bike-boost.png,boonjump/assets/cars/bike-boost.png,png,118x116,4389,4389,7718d32a290ed4b7596a71080e5ea0d1c852ae06658efa238ab92e61ca518fa1,7718d32a290ed4b7596a71080e5ea0d1c852ae06658efa238ab92e61ca518fa1,完全一致,可,assets/machines/common/bike/boost.png,COMMON + both runtime copies,SHA-256完全一致。機体IDENTITY素材。
bike-shadow.png,パワーバイク,boonrun/assets/cars/bike-shadow.png,boonjump/assets/cars/bike-shadow.png,png,760x280,804,804,8da7b82e6d6612213b0d7221b56c14b58bba6f1b7eddb10b9d0fb213360fcd44,8da7b82e6d6612213b0d7221b56c14b58bba6f1b7eddb10b9d0fb213360fcd44,完全一致,可,assets/machines/common/bike/shadow.png,COMMON + both runtime copies,SHA-256完全一致。機体IDENTITY素材。
bike-front-wheel.png,パワーバイク,boonrun/assets/cars/bike-front-wheel.png,boonjump/assets/cars/bike-front-wheel.png,png,62x70,6332,6332,d0177425b2595bb19fc14d6ac8a9a7068c9c4eb9e276668150ec49b811f9b275,d0177425b2595bb19fc14d6ac8a9a7068c9c4eb9e276668150ec49b811f9b275,完全一致,可,assets/machines/common/bike/front-wheel.png,COMMON + both runtime copies,SHA-256完全一致。車輪IDENTITY素材。
bike-rear-wheel.png,パワーバイク,boonrun/assets/cars/bike-rear-wheel.png,boonjump/assets/cars/bike-rear-wheel.png,png,64x71,6379,6379,8168058a11afa31e55aad19928ba1ed4952baaf0e02d11860c032b4015834062,8168058a11afa31e55aad19928ba1ed4952baaf0e02d11860c032b4015834062,完全一致,可,assets/machines/common/bike/rear-wheel.png,COMMON + both runtime copies,SHA-256完全一致。車輪IDENTITY素材。
bike-front.png,パワーバイク,,boonjump/assets/cars/bike-front.png,png,760x280,,8389,,e0cd9336dfbda8a6368a43b12493a32db5f90864302fb2ff1f9d8da55d2923f1,JUMP現行表示用サブパーツ,可,assets/machines/common/bike/front.png,COMMON + JUMP runtime copy,ゲームプレイVFXではなく車体表示パーツ。RUNは現行未使用。
bike-rear.png,パワーバイク,,boonjump/assets/cars/bike-rear.png,png,760x280,,8384,,418695a54f6e8cd91b0fbcae51e5528ed14cb37968d0d9a3ed78635ad5f5125c,JUMP現行表示用サブパーツ,可,assets/machines/common/bike/rear.png,COMMON + JUMP runtime copy,ゲームプレイVFXではなく車体表示パーツ。RUNは現行未使用。
bike-complete.png,パワーバイク,boonrun/assets/cars/bike-complete.png,,png,760x280,121730,,8e60459b6f81e30a180a2b27ef02670b25fb7cbf26ab07bada9299a89dbb8c4f,,中立マシン画像,可,assets/machines/common/bike/complete.png,COMMON + RUN runtime copy,RUNの安全なcomplete fallback。ゲーム固有演出なし。
sport-body.png,ニトロスポーツ,boonrun/assets/cars/sport-body.png,boonjump/assets/cars/sport-body.png,png,760x280,75533,75533,b630121396c0576f5081d6b85a1fd124deacf58ff2a8ec58d0a8c6495a00cd6f,b630121396c0576f5081d6b85a1fd124deacf58ff2a8ec58d0a8c6495a00cd6f,完全一致,可,assets/machines/common/sport/body.png,COMMON + both runtime copies,SHA-256完全一致。機体IDENTITY素材。
sport-boost.png,ニトロスポーツ,boonrun/assets/cars/sport-boost.png,boonjump/assets/cars/sport-boost.png,png,103x102,3853,3853,eaaa330cfa021d0bf57ffb058ca4af07246014e9661f7fc071543cf654ca5150,eaaa330cfa021d0bf57ffb058ca4af07246014e9661f7fc071543cf654ca5150,完全一致,可,assets/machines/common/sport/boost.png,COMMON + both runtime copies,SHA-256完全一致。機体IDENTITY素材。
sport-shadow.png,ニトロスポーツ,boonrun/assets/cars/sport-shadow.png,boonjump/assets/cars/sport-shadow.png,png,760x280,802,802,888419485fe4ac0585ba90b4339a64ace6564c4db6c420bc8467c344cf7f4a7c,888419485fe4ac0585ba90b4339a64ace6564c4db6c420bc8467c344cf7f4a7c,完全一致,可,assets/machines/common/sport/shadow.png,COMMON + both runtime copies,SHA-256完全一致。機体IDENTITY素材。
sport-front-wheel.png,ニトロスポーツ,boonrun/assets/cars/sport-front-wheel.png,boonjump/assets/cars/sport-front-wheel.png,png,92x92,9469,9469,ecdbf83b2a7c358ce69b2f1cb1ed914d900d6b542760a7070894b63528c1b315,ecdbf83b2a7c358ce69b2f1cb1ed914d900d6b542760a7070894b63528c1b315,完全一致,可,assets/machines/common/sport/front-wheel.png,COMMON + both runtime copies,SHA-256完全一致。車輪IDENTITY素材。
sport-rear-wheel.png,ニトロスポーツ,boonrun/assets/cars/sport-rear-wheel.png,boonjump/assets/cars/sport-rear-wheel.png,png,92x92,9241,9241,1bd0408c00913d649076f2bf2db99b84503443a6faa805c29f49d1dbed27a9b3,1bd0408c00913d649076f2bf2db99b84503443a6faa805c29f49d1dbed27a9b3,完全一致,可,assets/machines/common/sport/rear-wheel.png,COMMON + both runtime copies,SHA-256完全一致。車輪IDENTITY素材。
sport-front.png,ニトロスポーツ,,boonjump/assets/cars/sport-front.png,png,760x280,,11727,,9fdc829a67849945acb3bd24e4a08a0ec0cf8563afea6b355eb9c2243d8f2ff9,JUMP現行表示用サブパーツ,可,assets/machines/common/sport/front.png,COMMON + JUMP runtime copy,ゲームプレイVFXではなく車体表示パーツ。RUNは現行未使用。
sport-rear.png,ニトロスポーツ,,boonjump/assets/cars/sport-rear.png,png,760x280,,11446,,a6322e160f3757798d40f008a1a4f2659582b2965ba136be96506d1f339e563c,JUMP現行表示用サブパーツ,可,assets/machines/common/sport/rear.png,COMMON + JUMP runtime copy,ゲームプレイVFXではなく車体表示パーツ。RUNは現行未使用。
sport-complete.png,ニトロスポーツ,boonrun/assets/cars/sport-complete.png,,png,760x280,87316,,0817eeec0ee8773f4b58f37358e52dafed1de048199dd21416e885362844146f,,中立マシン画像,可,assets/machines/common/sport/complete.png,COMMON + RUN runtime copy,RUNの安全なcomplete fallback。ゲーム固有演出なし。
ssr-body.png,コズミックファントム,boonrun/assets/cars/ssr-body.png,boonjump/assets/cars/ssr-body.png,png,760x280,69634,69634,566c4a17a5b125b676e9024bfcc23e9c746e1edc47c9cde3867588b0b4f70cf3,566c4a17a5b125b676e9024bfcc23e9c746e1edc47c9cde3867588b0b4f70cf3,完全一致,可,assets/machines/common/ssr/body.png,COMMON + both runtime copies,SHA-256完全一致。機体IDENTITY素材。
ssr-boost.png,コズミックファントム,boonrun/assets/cars/ssr-boost.png,boonjump/assets/cars/ssr-boost.png,png,145x116,5733,5733,de9bb50c5221db574f7f73f306b6cebbf46fed5a8856cc892c9f99765b0c963f,de9bb50c5221db574f7f73f306b6cebbf46fed5a8856cc892c9f99765b0c963f,完全一致,可,assets/machines/common/ssr/boost.png,COMMON + both runtime copies,SHA-256完全一致。機体IDENTITY素材。
ssr-shadow.png,コズミックファントム,boonrun/assets/cars/ssr-shadow.png,boonjump/assets/cars/ssr-shadow.png,png,760x280,808,808,1430916a23e03746e74bca62201dfe2d8e295af9b98d523258bb9153136723cb,1430916a23e03746e74bca62201dfe2d8e295af9b98d523258bb9153136723cb,完全一致,可,assets/machines/common/ssr/shadow.png,COMMON + both runtime copies,SHA-256完全一致。機体IDENTITY素材。
ssr-front-wheel.png,コズミックファントム,boonrun/assets/cars/ssr-front-wheel.png,boonjump/assets/cars/ssr-front-wheel.png,png,57x63,4489,4489,f841e27eab5363c06b2cf455917cd673d24e37be5451b13204a19c059075552a,f841e27eab5363c06b2cf455917cd673d24e37be5451b13204a19c059075552a,完全一致,可,assets/machines/common/ssr/front-wheel.png,COMMON + both runtime copies,SHA-256完全一致。車輪IDENTITY素材。
ssr-rear-wheel.png,コズミックファントム,boonrun/assets/cars/ssr-rear-wheel.png,boonjump/assets/cars/ssr-rear-wheel.png,png,57x63,4571,4571,437978045c492c42e8657f48d79d5ad5e0b56c9c3ef0ae49ef1408d9e97d0967,437978045c492c42e8657f48d79d5ad5e0b56c9c3ef0ae49ef1408d9e97d0967,完全一致,可,assets/machines/common/ssr/rear-wheel.png,COMMON + both runtime copies,SHA-256完全一致。車輪IDENTITY素材。
ssr-front.png,コズミックファントム,,boonjump/assets/cars/ssr-front.png,png,760x280,,12378,,d5594d4d3a5bb055ac9816b2573d3278c9ee1cb86961c7bc54b0c85f79bc49a8,JUMP現行表示用サブパーツ,可,assets/machines/common/ssr/front.png,COMMON + JUMP runtime copy,ゲームプレイVFXではなく車体表示パーツ。RUNは現行未使用。
ssr-rear.png,コズミックファントム,,boonjump/assets/cars/ssr-rear.png,png,760x280,,16025,,a236d3c4c2f9bac2925ad64bc8824eba4a39fd8f222bc04c45ae21ef75a08c0c,JUMP現行表示用サブパーツ,可,assets/machines/common/ssr/rear.png,COMMON + JUMP runtime copy,ゲームプレイVFXではなく車体表示パーツ。RUNは現行未使用。
ssr-complete.png,コズミックファントム,boonrun/assets/cars/ssr-complete.png,,png,760x280,93591,,57cc7e79d739d7b826bf0e8d519e12f821fdd9a3313bc1222dbf24885a86852e,,中立マシン画像,可,assets/machines/common/ssr/complete.png,COMMON + RUN runtime copy,RUNの安全なcomplete fallback。ゲーム固有演出なし。
princess-body.png,プリンセス・スターライナー,boonrun/assets/cars/princess-body.png,boonjump/assets/cars/princess-body.png,png,760x280,187476,187476,54df9e8cf5fe4c8377beb3183dd3c08638bc8c8fa709b1c1a26bd19d2c731964,54df9e8cf5fe4c8377beb3183dd3c08638bc8c8fa709b1c1a26bd19d2c731964,完全一致,可,assets/machines/common/princess/body.png,COMMON + both runtime copies,SHA-256完全一致。機体IDENTITY素材。
princess-boost.png,プリンセス・スターライナー,boonrun/assets/cars/princess-boost.png,boonjump/assets/cars/princess-boost.png,png,760x280,3180,3180,c5172f959fb23d199466232ddcdfaa23a472354ceca1e697952f69160d3bd12c,c5172f959fb23d199466232ddcdfaa23a472354ceca1e697952f69160d3bd12c,完全一致,可,assets/machines/common/princess/boost.png,COMMON + both runtime copies,SHA-256完全一致。機体IDENTITY素材。
princess-shadow.png,プリンセス・スターライナー,boonrun/assets/cars/princess-shadow.png,boonjump/assets/cars/princess-shadow.png,png,760x280,6148,6148,c1ab025c5103fe99c7d61a02c46935a88753447c360736a2111c9cceac311be2,c1ab025c5103fe99c7d61a02c46935a88753447c360736a2111c9cceac311be2,完全一致,可,assets/machines/common/princess/shadow.png,COMMON + both runtime copies,SHA-256完全一致。機体IDENTITY素材。
princess-front-wheel.png,プリンセス・スターライナー,boonrun/assets/cars/princess-front-wheel.png,boonjump/assets/cars/princess-front-wheel.png,png,160x160,53542,53542,7ee7610c5cf85568fa31d7eff7d02abd45570a24685ac8bd8561ef2fcbd051e4,7ee7610c5cf85568fa31d7eff7d02abd45570a24685ac8bd8561ef2fcbd051e4,完全一致,可,assets/machines/common/princess/front-wheel.png,COMMON + both runtime copies,SHA-256完全一致。車輪IDENTITY素材。
princess-rear-wheel.png,プリンセス・スターライナー,boonrun/assets/cars/princess-rear-wheel.png,boonjump/assets/cars/princess-rear-wheel.png,png,160x160,53542,53542,7ee7610c5cf85568fa31d7eff7d02abd45570a24685ac8bd8561ef2fcbd051e4,7ee7610c5cf85568fa31d7eff7d02abd45570a24685ac8bd8561ef2fcbd051e4,完全一致,可,assets/machines/common/princess/rear-wheel.png,COMMON + both runtime copies,SHA-256完全一致。車輪IDENTITY素材。
princess-front.png,プリンセス・スターライナー,,boonjump/assets/cars/princess-front.png,png,760x280,,23672,,192d95b23d80295b7351e3614e97d13531dafea38413c49e1d0af098a6fe9a1a,JUMP現行表示用サブパーツ,可,assets/machines/common/princess/front.png,COMMON + JUMP runtime copy,ゲームプレイVFXではなく車体表示パーツ。RUNは現行未使用。
princess-rear.png,プリンセス・スターライナー,,boonjump/assets/cars/princess-rear.png,png,760x280,,23706,,15cc5319a2c6bc50c54982d45b2c533031dd266e118a6f19c568ec93c476c646,JUMP現行表示用サブパーツ,可,assets/machines/common/princess/rear.png,COMMON + JUMP runtime copy,ゲームプレイVFXではなく車体表示パーツ。RUNは現行未使用。
princess-complete.png,プリンセス・スターライナー,boonrun/assets/cars/princess-complete.png,,png,760x280,209110,,74811cd3e383618ea772af00cd696004352d54b86d54ba456e56626df8bb27d8,,中立マシン画像,可,assets/machines/common/princess/complete.png,COMMON + RUN runtime copy,RUNの安全なcomplete fallback。ゲーム固有演出なし。
valkyrie-body.png,ハイウェイ・ヴァルキリー,boonrun/assets/cars/valkyrie-body.png,boonjump/assets/cars/valkyrie-body.png,png,760x280,204268,204268,619413b1896710a6eb6abd1de14af07bc2b9fcee73c9d12473c3a889eb51c82a,619413b1896710a6eb6abd1de14af07bc2b9fcee73c9d12473c3a889eb51c82a,完全一致,可,assets/machines/common/valkyrie/body.png,COMMON + both runtime copies,SHA-256完全一致。機体IDENTITY素材。
valkyrie-boost.png,ハイウェイ・ヴァルキリー,boonrun/assets/cars/valkyrie-boost.png,boonjump/assets/cars/valkyrie-boost.png,png,760x280,14360,14360,fa3df1d365013a22aeb5a926f164f89637a5580531ae210a162da13445e342a7,fa3df1d365013a22aeb5a926f164f89637a5580531ae210a162da13445e342a7,完全一致,可,assets/machines/common/valkyrie/boost.png,COMMON + both runtime copies,SHA-256完全一致。機体IDENTITY素材。
valkyrie-shadow.png,ハイウェイ・ヴァルキリー,boonrun/assets/cars/valkyrie-shadow.png,boonjump/assets/cars/valkyrie-shadow.png,png,760x280,5013,5013,123aadd1429dc8df52192546ac956a1c0042fd28161118098bb754c514ffe2dd,123aadd1429dc8df52192546ac956a1c0042fd28161118098bb754c514ffe2dd,完全一致,可,assets/machines/common/valkyrie/shadow.png,COMMON + both runtime copies,SHA-256完全一致。機体IDENTITY素材。
valkyrie-front-wheel.png,ハイウェイ・ヴァルキリー,boonrun/assets/cars/valkyrie-front-wheel.png,boonjump/assets/cars/valkyrie-front-wheel.png,png,160x160,59479,59479,d551f643a81f276e540d6dbad3f76b96c67f09b164c0eaf2bd33582ba67f33ec,d551f643a81f276e540d6dbad3f76b96c67f09b164c0eaf2bd33582ba67f33ec,完全一致,可,assets/machines/common/valkyrie/front-wheel.png,COMMON + both runtime copies,SHA-256完全一致。車輪IDENTITY素材。
valkyrie-rear-wheel.png,ハイウェイ・ヴァルキリー,boonrun/assets/cars/valkyrie-rear-wheel.png,boonjump/assets/cars/valkyrie-rear-wheel.png,png,160x160,59479,59479,d551f643a81f276e540d6dbad3f76b96c67f09b164c0eaf2bd33582ba67f33ec,d551f643a81f276e540d6dbad3f76b96c67f09b164c0eaf2bd33582ba67f33ec,完全一致,可,assets/machines/common/valkyrie/rear-wheel.png,COMMON + both runtime copies,SHA-256完全一致。車輪IDENTITY素材。
valkyrie-front.png,ハイウェイ・ヴァルキリー,,boonjump/assets/cars/valkyrie-front.png,png,760x280,,30032,,41b3d395dd2387a5ca8f0a49eda38b1f36877e00b0cef1240b2166a64a94b24b,JUMP現行表示用サブパーツ,可,assets/machines/common/valkyrie/front.png,COMMON + JUMP runtime copy,ゲームプレイVFXではなく車体表示パーツ。RUNは現行未使用。
valkyrie-rear.png,ハイウェイ・ヴァルキリー,,boonjump/assets/cars/valkyrie-rear.png,png,760x280,,30005,,30b4b6b89c05954aabfcc4929dedd9e715286278cd2e816b736030de8ac53acf,JUMP現行表示用サブパーツ,可,assets/machines/common/valkyrie/rear.png,COMMON + JUMP runtime copy,ゲームプレイVFXではなく車体表示パーツ。RUNは現行未使用。
valkyrie-complete.png,ハイウェイ・ヴァルキリー,boonrun/assets/cars/valkyrie-complete.png,,png,760x280,233746,,15588bfda348597ebd80fa57c233871d5a11a9748b2aceca02d71073ebd6e22f,,中立マシン画像,可,assets/machines/common/valkyrie/complete.png,COMMON + RUN runtime copy,RUNの安全なcomplete fallback。ゲーム固有演出なし。
secret-body.png,無敵のロケットアソブーン人間,boonrun/assets/cars/secret-body.png,boonjump/assets/cars/secret-body.png,png,760x280,24386,24386,fec8b0b5d9272480a4406fb10796868325c0706e318e453fc3c2668bfc1e3bd9,fec8b0b5d9272480a4406fb10796868325c0706e318e453fc3c2668bfc1e3bd9,完全一致,可,assets/machines/common/secret/body.png,COMMON + both runtime copies,SHA-256完全一致。機体IDENTITY素材。
secret-boost.png,無敵のロケットアソブーン人間,boonrun/assets/cars/secret-boost.png,boonjump/assets/cars/secret-boost.png,png,760x280,6769,6769,bd8e949695eebaabc5b45c85f9f025c6c07c31e2c7e628633be489b236a480b2,bd8e949695eebaabc5b45c85f9f025c6c07c31e2c7e628633be489b236a480b2,完全一致,可,assets/machines/common/secret/boost.png,COMMON + both runtime copies,SHA-256完全一致。機体IDENTITY素材。
secret-shadow.png,無敵のロケットアソブーン人間,boonrun/assets/cars/secret-shadow.png,boonjump/assets/cars/secret-shadow.png,png,760x280,862,862,3bac2efeff9449085c3984bfb6c89683ccf4636a0369a813a4caa5099c9fc958,3bac2efeff9449085c3984bfb6c89683ccf4636a0369a813a4caa5099c9fc958,完全一致,可,assets/machines/common/secret/shadow.png,COMMON + both runtime copies,SHA-256完全一致。機体IDENTITY素材。
secret-front.png,無敵のロケットアソブーン人間,,boonjump/assets/cars/secret-front.png,png,32x32,,355,,a4f985273cc253df1bd7f229ca1251d42ec8e5d16129320f7550ca9f0b7bd7fc,JUMP現行表示用サブパーツ,可,assets/machines/common/secret/front.png,COMMON + JUMP runtime copy,ゲームプレイVFXではなく車体表示パーツ。RUNは現行未使用。
secret-rear.png,無敵のロケットアソブーン人間,,boonjump/assets/cars/secret-rear.png,png,32x32,,355,,a4f985273cc253df1bd7f229ca1251d42ec8e5d16129320f7550ca9f0b7bd7fc,JUMP現行表示用サブパーツ,可,assets/machines/common/secret/rear.png,COMMON + JUMP runtime copy,ゲームプレイVFXではなく車体表示パーツ。RUNは現行未使用。
secret-complete.png,無敵のロケットアソブーン人間,boonrun/assets/cars/secret-complete.png,,png,760x280,72086,,5081b5aa0dcca49eb8b1557e5262c86c9c4f77818cf9297d7fcb370bbe632ea6,,中立マシン画像,可,assets/machines/common/secret/complete.png,COMMON + RUN runtime copy,RUNの安全なcomplete fallback。ゲーム固有演出なし。
01-boon-pickup.webp,ブーンピックアップ,boonrun/assets/cards/boon.webp,boonjump/assets/cards/01-boon-pickup.webp,webp,1024x683,256006,256006,8217098a528adc7483cd87fb3306066d1be43b91573b3358cf93a44df885eea6,8217098a528adc7483cd87fb3306066d1be43b91573b3358cf93a44df885eea6,完全一致,可,assets/machines/cards/01-boon-pickup.webp,COMMON + both runtime copies,MACHINE CARD正本。RUNはID名コピー、JUMPは番号名コピー。
02-smart-wagon.webp,スマートワゴン,boonrun/assets/cards/wagon.webp,boonjump/assets/cards/02-smart-wagon.webp,webp,1024x683,200406,200406,ac0ce496414861721c26ee979fc578fe27ef2102a40bff1680d97e2dec5a96c6,ac0ce496414861721c26ee979fc578fe27ef2102a40bff1680d97e2dec5a96c6,完全一致,可,assets/machines/cards/02-smart-wagon.webp,COMMON + both runtime copies,MACHINE CARD正本。RUNはID名コピー、JUMPは番号名コピー。
03-lucky-buggy.webp,ラッキーバギー,boonrun/assets/cards/buggy.webp,boonjump/assets/cards/03-lucky-buggy.webp,webp,1024x683,244144,244144,61c2ff4423d9a93795281cc20bf983e94826fc79fa381cf4c75dd1393dae3e5d,61c2ff4423d9a93795281cc20bf983e94826fc79fa381cf4c75dd1393dae3e5d,完全一致,可,assets/machines/cards/03-lucky-buggy.webp,COMMON + both runtime copies,MACHINE CARD正本。RUNはID名コピー、JUMPは番号名コピー。
04-power-bike.webp,パワーバイク,boonrun/assets/cards/bike.webp,boonjump/assets/cards/04-power-bike.webp,webp,1024x683,218488,218488,2f7e5ef9b76c5e4887323e5675c0a1afe2fb675cfe4b8dcc94abb1053b211475,2f7e5ef9b76c5e4887323e5675c0a1afe2fb675cfe4b8dcc94abb1053b211475,完全一致,可,assets/machines/cards/04-power-bike.webp,COMMON + both runtime copies,MACHINE CARD正本。RUNはID名コピー、JUMPは番号名コピー。
05-nitro-sport.webp,ニトロスポーツ,boonrun/assets/cards/sport.webp,boonjump/assets/cards/05-nitro-sport.webp,webp,1024x683,206516,206516,5bd75d0a8b2dd39bf175c3617364aab566b08b9201858dd782a9210b005d808d,5bd75d0a8b2dd39bf175c3617364aab566b08b9201858dd782a9210b005d808d,完全一致,可,assets/machines/cards/05-nitro-sport.webp,COMMON + both runtime copies,MACHINE CARD正本。RUNはID名コピー、JUMPは番号名コピー。
06-cosmic-phantom.webp,コズミックファントム,boonrun/assets/cards/ssr.webp,boonjump/assets/cards/06-cosmic-phantom.webp,webp,1024x683,239088,239088,57a3003623b2426005262fe17005e0ac419547b8641e54e10cbe5a7a8e89c28d,57a3003623b2426005262fe17005e0ac419547b8641e54e10cbe5a7a8e89c28d,完全一致,可,assets/machines/cards/06-cosmic-phantom.webp,COMMON + both runtime copies,MACHINE CARD正本。RUNはID名コピー、JUMPは番号名コピー。
07-princess-starliner.webp,プリンセス・スターライナー,boonrun/assets/cards/princess.webp,boonjump/assets/cards/07-princess-starliner.webp,webp,1024x683,268884,268884,c0b9368f2bfe6976b33d7481c822995d1a205372c4c428d5fe84ce578f57a7b5,c0b9368f2bfe6976b33d7481c822995d1a205372c4c428d5fe84ce578f57a7b5,完全一致,可,assets/machines/cards/07-princess-starliner.webp,COMMON + both runtime copies,MACHINE CARD正本。RUNはID名コピー、JUMPは番号名コピー。
08-secret-rocket.webp,無敵のロケットアソブーン人間,boonrun/assets/cards/secret.webp,boonjump/assets/cards/08-secret-rocket.webp,webp,1024x683,228476,228476,3692a4888e4e52eb013774d51ca2c214ba01edcf859af6799c82ed80f60dbddb,3692a4888e4e52eb013774d51ca2c214ba01edcf859af6799c82ed80f60dbddb,完全一致,可,assets/machines/cards/08-secret-rocket.webp,COMMON + both runtime copies,MACHINE CARD正本。RUNはID名コピー、JUMPは番号名コピー。
09-highway-valkyrie.webp,ハイウェイ・ヴァルキリー,boonrun/assets/cards/valkyrie.webp,boonjump/assets/cards/09-highway-valkyrie.webp,webp,1024x683,231820,231820,9c2cddb72a5fdbe46b3b1dda027a8b49ee199c3806230e644e035503cf39a82a,9c2cddb72a5fdbe46b3b1dda027a8b49ee199c3806230e644e035503cf39a82a,完全一致,可,assets/machines/cards/09-highway-valkyrie.webp,COMMON + both runtime copies,MACHINE CARD正本。RUNはID名コピー、JUMPは番号名コピー。
legacy-run-card-illustration-boon.webp,ブーンピックアップ,assets/machines/keep-separate/boonrun-card-illustrations/boon.webp,,webp,1280x853,307718,,02044b3684af9439a11657ff383563ec0882d1328420b66ed3645c94778c3ee9,,派生,不可,KEEP SEPARATE,assets/machines/keep-separate/boonrun-card-illustrations/boon.webp,RUN旧アートはカード枠/番号/シリーズ表記がなく、MACHINE CARD正本ではない。
legacy-run-card-illustration-wagon.webp,スマートワゴン,assets/machines/keep-separate/boonrun-card-illustrations/wagon.webp,,webp,1280x853,212668,,4d7949226414310c0a960c9bddf0a9cb3617482c766526860a05a3b159a4bfc9,,派生,不可,KEEP SEPARATE,assets/machines/keep-separate/boonrun-card-illustrations/wagon.webp,RUN旧アートはカード枠/番号/シリーズ表記がなく、MACHINE CARD正本ではない。
legacy-run-card-illustration-buggy.webp,ラッキーバギー,assets/machines/keep-separate/boonrun-card-illustrations/buggy.webp,,webp,1280x853,284128,,0d7b8eb204ee8e188c55b13dd0819405f59c7cca6bfecd9a9315646587e15eee,,派生,不可,KEEP SEPARATE,assets/machines/keep-separate/boonrun-card-illustrations/buggy.webp,RUN旧アートはカード枠/番号/シリーズ表記がなく、MACHINE CARD正本ではない。
legacy-run-card-illustration-bike.webp,パワーバイク,assets/machines/keep-separate/boonrun-card-illustrations/bike.webp,,webp,1280x853,233818,,8d3c0dc1d465c2d815cc2f2a2a23826d293fcc66867eeaeea91b915c07f3ee3c,,派生,不可,KEEP SEPARATE,assets/machines/keep-separate/boonrun-card-illustrations/bike.webp,RUN旧アートはカード枠/番号/シリーズ表記がなく、MACHINE CARD正本ではない。
legacy-run-card-illustration-sport.webp,ニトロスポーツ,assets/machines/keep-separate/boonrun-card-illustrations/sport.webp,,webp,1280x853,247584,,97382083e64d7b97c6430660d088260a541c2174dbfef57b9a97ee404f3e4755,,派生,不可,KEEP SEPARATE,assets/machines/keep-separate/boonrun-card-illustrations/sport.webp,RUN旧アートはカード枠/番号/シリーズ表記がなく、MACHINE CARD正本ではない。
legacy-run-card-illustration-ssr.webp,コズミックファントム,assets/machines/keep-separate/boonrun-card-illustrations/ssr.webp,,webp,1280x853,233394,,d78d2f47d92c66703ef404baa2d5a28d86bb72c1e2506c8cb2639cb4af2afc22,,派生,不可,KEEP SEPARATE,assets/machines/keep-separate/boonrun-card-illustrations/ssr.webp,RUN旧アートはカード枠/番号/シリーズ表記がなく、MACHINE CARD正本ではない。
legacy-run-card-illustration-princess.webp,プリンセス・スターライナー,assets/machines/keep-separate/boonrun-card-illustrations/princess.webp,,webp,1280x853,285562,,9a3c694e6e70c13394c736bcdef5d5bf6ebaf237bea5a19da0935eb11c454a58,,派生,不可,KEEP SEPARATE,assets/machines/keep-separate/boonrun-card-illustrations/princess.webp,RUN旧アートはカード枠/番号/シリーズ表記がなく、MACHINE CARD正本ではない。
legacy-run-card-illustration-secret.webp,無敵のロケットアソブーン人間,assets/machines/keep-separate/boonrun-card-illustrations/secret.webp,,webp,1280x853,264920,,8c66925791f9e11667c8478f1f54838b34f86a1e5b92dfe0fa7388167628dc09,,派生,不可,KEEP SEPARATE,assets/machines/keep-separate/boonrun-card-illustrations/secret.webp,RUN旧アートはカード枠/番号/シリーズ表記がなく、MACHINE CARD正本ではない。
fireball-flight.webp,boon,,boonjump/assets/vfx/boon/fireball-flight.webp,webp,1024x1024,,470988,,509e62a5b1e2765f78f28771d97ddd60bb125c249b19820db367ea1e9c8d0224,別物,不可,BOONJUMP,boonjump/assets/vfx/boon/fireball-flight.webp,BOONJUMP飛行/AWAKENING VFX。RUNへ共通化しない。
impact-burst.webp,boon,,boonjump/assets/vfx/boon/impact-burst.webp,webp,1024x683,,272114,,c1aeec035e0e8caf1fa50cdd793c1db08c1e1eacd8b4349ac4bd0f15e5f68334,別物,不可,BOONJUMP,boonjump/assets/vfx/boon/impact-burst.webp,BOONJUMP飛行/AWAKENING VFX。RUNへ共通化しない。
overpressure.webp,boon,,boonjump/assets/vfx/boon/overpressure.webp,webp,1024x683,,301048,,59d089954dbb2feac3c72462ebbfb67d550bd9a31b9e22f8d69b74c7918c8d95,別物,不可,BOONJUMP,boonjump/assets/vfx/boon/overpressure.webp,BOONJUMP飛行/AWAKENING VFX。RUNへ共通化しない。
chaos-impact-burst.webp,buggy,,boonjump/assets/vfx/buggy/chaos-impact-burst.webp,webp,1024x683,,266916,,fdf7b5b59ae521c17ce669610cf45cd99637333edf6cc6252fe4b0b79794a6ab,別物,不可,BOONJUMP,boonjump/assets/vfx/buggy/chaos-impact-burst.webp,BOONJUMP飛行/AWAKENING VFX。RUNへ共通化しない。
electric-bounce-arc.webp,buggy,,boonjump/assets/vfx/buggy/electric-bounce-arc.webp,webp,1024x683,,203518,,b7be57958740e1e0136f03b18342b12ff70f27da412b679dbb1c7093e6adb816,別物,不可,BOONJUMP,boonjump/assets/vfx/buggy/electric-bounce-arc.webp,BOONJUMP飛行/AWAKENING VFX。RUNへ共通化しない。
electric-ground-trail.webp,buggy,,boonjump/assets/vfx/buggy/electric-ground-trail.webp,webp,1024x683,,135656,,7968dd65f290cfb5cdc3bd1e2c704bd537efbfb369402c4d49c80c02320e9451,別物,不可,BOONJUMP,boonjump/assets/vfx/buggy/electric-ground-trail.webp,BOONJUMP飛行/AWAKENING VFX。RUNへ共通化しない。
crystal-orbit-trail.webp,princess,,boonjump/assets/vfx/princess/crystal-orbit-trail.webp,webp,1024x683,,260012,,c411224b7e3494342c4d5963cba3f7c9af3d42269cadcbb63eb80de0bb0b99dc,別物,不可,BOONJUMP,boonjump/assets/vfx/princess/crystal-orbit-trail.webp,BOONJUMP飛行/AWAKENING VFX。RUNへ共通化しない。
crystal-wing.webp,princess,,boonjump/assets/vfx/princess/crystal-wing.webp,webp,1024x683,,197558,,35885900a993b5f8245549e831c670d62d86aea0b29b434fa83a7f53290617d8,別物,不可,BOONJUMP,boonjump/assets/vfx/princess/crystal-wing.webp,BOONJUMP飛行/AWAKENING VFX。RUNへ共通化しない。
royal-crown-wing.webp,princess,,boonjump/assets/vfx/princess/royal-crown-wing.webp,webp,1024x683,,272196,,e5102d804f2fa1630ea84ce8f2996eaf7ad05ee186e32e22835b1326405be5ed,別物,不可,BOONJUMP,boonjump/assets/vfx/princess/royal-crown-wing.webp,BOONJUMP飛行/AWAKENING VFX。RUNへ共通化しない。
star-orbit.webp,princess,,boonjump/assets/vfx/princess/star-orbit.webp,webp,1024x1024,,328160,,a10cafb792d82630b548413ba0d2a6ea8cb5dc6245671dc63be5f32ce0979b66,別物,不可,BOONJUMP,boonjump/assets/vfx/princess/star-orbit.webp,BOONJUMP飛行/AWAKENING VFX。RUNへ共通化しない。
nitro-spear.webp,sport,,boonjump/assets/vfx/sport/nitro-spear.webp,webp,1024x683,,113570,,8acac7c6aad77618033697426bba34daf74498a38fa15225fb2bc8342840b015,別物,不可,BOONJUMP,boonjump/assets/vfx/sport/nitro-spear.webp,BOONJUMP飛行/AWAKENING VFX。RUNへ共通化しない。
plasma-line.webp,sport,,boonjump/assets/vfx/sport/plasma-line.webp,webp,1024x683,,55996,,37ccdb97040c84b9d725fa576fa6ab4a2ff48a93eb564ea479c785602348a4a7,別物,不可,BOONJUMP,boonjump/assets/vfx/sport/plasma-line.webp,BOONJUMP飛行/AWAKENING VFX。RUNへ共通化しない。
pressure-burst.webp,sport,,boonjump/assets/vfx/sport/pressure-burst.webp,webp,1024x683,,172492,,cbfa67576ca9fe1d135b5709011cd9fc9813dfb5ae30439d1b9f783ffbb66c83,別物,不可,BOONJUMP,boonjump/assets/vfx/sport/pressure-burst.webp,BOONJUMP飛行/AWAKENING VFX。RUNへ共通化しない。
dimension-comet.webp,ssr,,boonjump/assets/vfx/ssr/dimension-comet.webp,webp,1024x683,,188712,,0b1b3083a6ff8c0de0157520560ea12bd0d9b38d916777f103c21125c3a36e55,別物,不可,BOONJUMP,boonjump/assets/vfx/ssr/dimension-comet.webp,BOONJUMP飛行/AWAKENING VFX。RUNへ共通化しない。
dimension-rift.webp,ssr,,boonjump/assets/vfx/ssr/dimension-rift.webp,webp,1024x683,,267202,,a14085f624de87f21317a089147c0809374013a1da6321757647f5d5ebd25556,別物,不可,BOONJUMP,boonjump/assets/vfx/ssr/dimension-rift.webp,BOONJUMP飛行/AWAKENING VFX。RUNへ共通化しない。
gravity-core.webp,ssr,,boonjump/assets/vfx/ssr/gravity-core.webp,webp,1024x1024,,389562,,c70f6a46e927df52ad4522aa8a8d51add674ff5920ddbb4a1418ce5b5694247b,別物,不可,BOONJUMP,boonjump/assets/vfx/ssr/gravity-core.webp,BOONJUMP飛行/AWAKENING VFX。RUNへ共通化しない。
gravity-lens-fracture.webp,ssr,,boonjump/assets/vfx/ssr/gravity-lens-fracture.webp,webp,1024x683,,279684,,9e4e96e63b952567a4eba3a292fedf7ad3619c5008be3429b29ef56a13ae0bf0,別物,不可,BOONJUMP,boonjump/assets/vfx/ssr/gravity-lens-fracture.webp,BOONJUMP飛行/AWAKENING VFX。RUNへ共通化しない。
README.txt,valkyrie,,boonjump/assets/vfx/valkyrie/README.txt,txt,,,1288,,bfd5e2cff95928cebe0270efb724de00119d1370072cc78f8d67a045ad469216,別物,不可,BOONJUMP,boonjump/assets/vfx/valkyrie/README.txt,BOONJUMP飛行/AWAKENING VFX。RUNへ共通化しない。
mach-cone.webp,valkyrie,,boonjump/assets/vfx/valkyrie/mach-cone.webp,webp,1024x1024,,177082,,46aa6b5e98326315f645be62347b3129c85a00149a3caf5b1e67587d86e1748c,別物,不可,BOONJUMP,boonjump/assets/vfx/valkyrie/mach-cone.webp,BOONJUMP飛行/AWAKENING VFX。RUNへ共通化しない。
rune-halo.webp,valkyrie,,boonjump/assets/vfx/valkyrie/rune-halo.webp,webp,1024x1024,,378520,,7adc5ac8868688bbcae244272fe2974169570895b8db3ee9b76cc4aade767a69,別物,不可,BOONJUMP,boonjump/assets/vfx/valkyrie/rune-halo.webp,BOONJUMP飛行/AWAKENING VFX。RUNへ共通化しない。
sonic-trail.webp,valkyrie,,boonjump/assets/vfx/valkyrie/sonic-trail.webp,webp,1024x683,,129634,,d8973bf6469e9d346df8444229a9e0a0a179929be1a7191f4d32af8c799c2186,別物,不可,BOONJUMP,boonjump/assets/vfx/valkyrie/sonic-trail.webp,BOONJUMP飛行/AWAKENING VFX。RUNへ共通化しない。
wing-front.webp,valkyrie,,boonjump/assets/vfx/valkyrie/wing-front.webp,webp,1024x683,,134064,,bd8fa95c0175dcac9e98842d3a0b0c543301ee53dd09625af75863e9eea169d9,別物,不可,BOONJUMP,boonjump/assets/vfx/valkyrie/wing-front.webp,BOONJUMP飛行/AWAKENING VFX。RUNへ共通化しない。
wing-rear.webp,valkyrie,,boonjump/assets/vfx/valkyrie/wing-rear.webp,webp,1024x1024,,197246,,052894d4ec5431613ebc3a234ffa43e62cf02558496c5ba7f9a32b6f421af8ba,別物,不可,BOONJUMP,boonjump/assets/vfx/valkyrie/wing-rear.webp,BOONJUMP飛行/AWAKENING VFX。RUNへ共通化しない。
air-capsule.webp,wagon,,boonjump/assets/vfx/wagon/air-capsule.webp,webp,1024x1024,,216280,,ae70965d995f58a834b2a29692bdd448fd2d6806064a37e25b92e3db8f26c0c9,別物,不可,BOONJUMP,boonjump/assets/vfx/wagon/air-capsule.webp,BOONJUMP飛行/AWAKENING VFX。RUNへ共通化しない。
airflow-stream.webp,wagon,,boonjump/assets/vfx/wagon/airflow-stream.webp,webp,1024x683,,92992,,43ae1fc0177fc11da19c09dafaf4aace9abba05d9dc1e1701178a669c26bd762,別物,不可,BOONJUMP,boonjump/assets/vfx/wagon/airflow-stream.webp,BOONJUMP飛行/AWAKENING VFX。RUNへ共通化しない。
stability-ring.webp,wagon,,boonjump/assets/vfx/wagon/stability-ring.webp,webp,1024x683,,175292,,397d589606827c965a6dbad1ea97c0e679341166203f1ce38088cd81f12c7c5b,別物,不可,BOONJUMP,boonjump/assets/vfx/wagon/stability-ring.webp,BOONJUMP飛行/AWAKENING VFX。RUNへ共通化しない。
